﻿<?xml version="1.0" encoding="utf-8"?>
<cms.contentitemreference>
  <Parent>
    <GUID>3a680737-e49b-48d0-9081-ca0911833ecb</GUID>
    <ObjectType>cms.contentitemcommondata</ObjectType>
    <Parent>
      <CodeName>DancingGoatAutoresponder-v6dz12bu</CodeName>
      <GUID>7d804f38-4c55-4c8d-bd72-40244a78200c</GUID>
      <ObjectType>cms.contentitem</ObjectType>
    </Parent>
  </Parent>
  <Bindings>
    <Binding id="cms.contentitem_Facebook-h85hvkli">
      <ContentItemReferenceGroupGUID>82b7639d-e97f-4020-8926-55577729926a</ContentItemReferenceGroupGUID>
      <ContentItemReferenceGUID>93194c58-e8c9-4331-9914-b00803c5b431</ContentItemReferenceGUID>
      <ContentItemReferenceTargetItemID>
        <CodeName>Facebook-h85hvkli</CodeName>
        <GUID>28ec44a4-17e5-4aa9-a8f3-63e6c23e93b1</GUID>
        <ObjectType>cms.contentitem</ObjectType>
      </ContentItemReferenceTargetItemID>
    </Binding>
    <Binding id="cms.contentitem_Logos_Logo-dancing-goat.png-1gxova27">
      <ContentItemReferenceGroupGUID>8cc584c3-2a5f-4c45-9267-c946f766399a</ContentItemReferenceGroupGUID>
      <ContentItemReferenceGUID>50ee3e81-0b25-41e7-becd-0c9db7842c2a</ContentItemReferenceGUID>
      <ContentItemReferenceTargetItemID>
        <CodeName>Logos_Logo-dancing-goat.png-1gxova27</CodeName>
        <GUID>96aaf7e4-b57b-4fb4-ae2c-25e8191e7079</GUID>
        <ObjectType>cms.contentitem</ObjectType>
      </ContentItemReferenceTargetItemID>
    </Binding>
    <Binding id="cms.contentitem_Twitter-i4s1h9pp">
      <ContentItemReferenceGroupGUID>82b7639d-e97f-4020-8926-55577729926a</ContentItemReferenceGroupGUID>
      <ContentItemReferenceGUID>b7d1fb3b-9f6b-4635-99fc-8fe074039316</ContentItemReferenceGUID>
      <ContentItemReferenceTargetItemID>
        <CodeName>Twitter-i4s1h9pp</CodeName>
        <GUID>015129c5-8972-47b8-963c-e3d52ef69e7e</GUID>
        <ObjectType>cms.contentitem</ObjectType>
      </ContentItemReferenceTargetItemID>
    </Binding>
  </Bindings>
</cms.contentitemreference>