﻿<?xml version="1.0" encoding="utf-8"?>
<cms.contentitemcommondata>
  <ContentItemCommonDataContentItemID>
    <CodeName>Facebook-h85hvkli</CodeName>
    <GUID>28ec44a4-17e5-4aa9-a8f3-63e6c23e93b1</GUID>
    <ObjectType>cms.contentitem</ObjectType>
  </ContentItemCommonDataContentItemID>
  <ContentItemCommonDataContentLanguageID>
    <CodeName>en</CodeName>
    <GUID>e4a8fb12-ebc2-45d0-930f-c9fba2780c85</GUID>
    <ObjectType>cms.contentlanguage</ObjectType>
  </ContentItemCommonDataContentLanguageID>
  <ContentItemCommonDataGUID>ed509950-7b17-4ce7-838b-834b7752e132</ContentItemCommonDataGUID>
  <ContentItemCommonDataIsLatest>True</ContentItemCommonDataIsLatest>
  <ContentItemCommonDataVersionStatus>2</ContentItemCommonDataVersionStatus>
</cms.contentitemcommondata>