﻿<?xml version="1.0" encoding="utf-8"?>
<cms.contentitemcommondata>
  <ContentItemCommonDataContentItemID>
    <CodeName>DonateWithUs-ib1owx14</CodeName>
    <GUID>294d6b5d-46fd-4c7a-b0b6-99af3472b468</GUID>
    <ObjectType>cms.contentitem</ObjectType>
  </ContentItemCommonDataContentItemID>
  <ContentItemCommonDataContentLanguageID>
    <CodeName>en</CodeName>
    <GUID>e4a8fb12-ebc2-45d0-930f-c9fba2780c85</GUID>
    <ObjectType>cms.contentlanguage</ObjectType>
  </ContentItemCommonDataContentLanguageID>
  <ContentItemCommonDataGUID>9246d73c-ac38-4318-b31d-d6540369c730</ContentItemCommonDataGUID>
  <ContentItemCommonDataIsLatest>True</ContentItemCommonDataIsLatest>
  <ContentItemCommonDataVersionStatus>2</ContentItemCommonDataVersionStatus>
</cms.contentitemcommondata>