﻿<?xml version="1.0" encoding="utf-8"?>
<cms.contentitemreference>
  <Parent>
    <GUID>b8f2c34d-9391-4ac4-aa7d-3e1918ae8436</GUID>
    <ObjectType>cms.contentitemcommondata</ObjectType>
    <Parent>
      <CodeName>BoliviaFincaIllimani-c77ome92</CodeName>
      <GUID>60d815a6-674e-468d-8155-d2b3be75a321</GUID>
      <ObjectType>cms.contentitem</ObjectType>
    </Parent>
  </Parent>
  <Bindings>
    <Binding id="cms.contentitem_Products_Bolivia.jpg-rpftg6oz">
      <ContentItemReferenceGroupGUID>e724314d-02c6-46e5-ba00-204c1c88c006</ContentItemReferenceGroupGUID>
      <ContentItemReferenceGUID>47e5396e-cab0-417c-8f79-8cab816d8aa3</ContentItemReferenceGUID>
      <ContentItemReferenceTargetItemID>
        <CodeName>Products_Bolivia.jpg-rpftg6oz</CodeName>
        <GUID>f239665c-8974-4435-840e-f2cf01e1ae44</GUID>
        <ObjectType>cms.contentitem</ObjectType>
      </ContentItemReferenceTargetItemID>
    </Binding>
  </Bindings>
</cms.contentitemreference>