﻿<?xml version="1.0" encoding="utf-8"?>
<cms.contentitemreference>
  <Parent>
    <GUID>c18421ee-678f-423a-bee0-985691504c8f</GUID>
    <ObjectType>cms.contentitemcommondata</ObjectType>
    <Parent>
      <CodeName>BrazilNaturalBarraGrande-mtfd4bc3</CodeName>
      <GUID>edb18903-129a-4c33-9ca1-506cfdf4496e</GUID>
      <ObjectType>cms.contentitem</ObjectType>
    </Parent>
  </Parent>
  <Bindings>
    <Binding id="cms.contentitem_Products_Brazil.jpg-cpxcn6zv">
      <ContentItemReferenceGroupGUID>e724314d-02c6-46e5-ba00-204c1c88c006</ContentItemReferenceGroupGUID>
      <ContentItemReferenceGUID>107181ce-3fc2-41f7-a643-de0d307efbb5</ContentItemReferenceGUID>
      <ContentItemReferenceTargetItemID>
        <CodeName>Products_Brazil.jpg-cpxcn6zv</CodeName>
        <GUID>25cb8afe-99eb-4b87-ba3f-567c90f91bd3</GUID>
        <ObjectType>cms.contentitem</ObjectType>
      </ContentItemReferenceTargetItemID>
    </Binding>
  </Bindings>
</cms.contentitemreference>