﻿<?xml version="1.0" encoding="utf-8"?>
<cms.contentitemreference>
  <Parent>
    <GUID>28ea5493-ea6e-4260-81f7-245d088659e5</GUID>
    <ObjectType>cms.contentitemcommondata</ObjectType>
    <Parent>
      <CodeName>BrewYourBusiness-bqgfzgee</CodeName>
      <GUID>044fb867-f470-490d-af82-6779ae5d1fd5</GUID>
      <ObjectType>cms.contentitem</ObjectType>
    </Parent>
  </Parent>
  <Bindings>
    <Binding id="cms.contentitem_Events_Francesco-la-corte-YtGOTady1a4-unsplash_50.jpg-g3jt4j8f">
      <ContentItemReferenceGroupGUID>0bf8c2b0-092b-46f5-97a4-03279e7aa3be</ContentItemReferenceGroupGUID>
      <ContentItemReferenceGUID>61ae3935-77e4-40d6-9509-a1a599438cab</ContentItemReferenceGUID>
      <ContentItemReferenceTargetItemID>
        <CodeName>Events_Francesco-la-corte-YtGOTady1a4-unsplash_50.jpg-g3jt4j8f</CodeName>
        <GUID>19aebe45-100a-4807-b5aa-ca7d58d714ea</GUID>
        <ObjectType>cms.contentitem</ObjectType>
      </ContentItemReferenceTargetItemID>
    </Binding>
  </Bindings>
</cms.contentitemreference>