﻿<?xml version="1.0" encoding="utf-8"?>
<cms.contentitemreference>
  <Parent>
    <GUID>98cab91a-c5d1-4b43-b51e-aa113b93fd4c</GUID>
    <ObjectType>cms.contentitemcommondata</ObjectType>
    <Parent>
      <CodeName>Chicago-adnkn64a</CodeName>
      <GUID>5f5c9fce-d24e-4cda-8022-d20d6504b102</GUID>
      <ObjectType>cms.contentitem</ObjectType>
    </Parent>
  </Parent>
  <Bindings>
    <Binding id="cms.contentitem_Cafes_Chicago_2x.png-rqpy9dg4">
      <ContentItemReferenceGroupGUID>1e4c0c62-4056-4acd-ac2e-d96ba01adff7</ContentItemReferenceGroupGUID>
      <ContentItemReferenceGUID>85d576a7-ccf3-415c-bef6-bac7cada335c</ContentItemReferenceGUID>
      <ContentItemReferenceTargetItemID>
        <CodeName>Cafes_Chicago_2x.png-rqpy9dg4</CodeName>
        <GUID>ff45b4fc-f3c3-4171-b1eb-845411e46c54</GUID>
        <ObjectType>cms.contentitem</ObjectType>
      </ContentItemReferenceTargetItemID>
    </Binding>
  </Bindings>
</cms.contentitemreference>