﻿<?xml version="1.0" encoding="utf-8"?>
<cms.contentitemreference>
  <Parent>
    <GUID>b6642ea7-7595-44c9-873c-f3f55e0afc43</GUID>
    <ObjectType>cms.contentitemcommondata</ObjectType>
    <Parent>
      <CodeName>ColombiaCarlosImbachi-t5ps0qy3</CodeName>
      <GUID>d81c0256-89eb-4e1f-88d2-34d8beefe8f6</GUID>
      <ObjectType>cms.contentitem</ObjectType>
    </Parent>
  </Parent>
  <Bindings>
    <Binding id="cms.contentitem_Products_Colombia.jpg-pkmhet0j">
      <ContentItemReferenceGroupGUID>e724314d-02c6-46e5-ba00-204c1c88c006</ContentItemReferenceGroupGUID>
      <ContentItemReferenceGUID>d6a8f2d0-8bb8-4b18-a8b4-ea11c3cc5199</ContentItemReferenceGUID>
      <ContentItemReferenceTargetItemID>
        <CodeName>Products_Colombia.jpg-pkmhet0j</CodeName>
        <GUID>0313c4b9-b165-4d4c-b22d-798065d46adf</GUID>
        <ObjectType>cms.contentitem</ObjectType>
      </ContentItemReferenceTargetItemID>
    </Binding>
  </Bindings>
</cms.contentitemreference>