﻿<?xml version="1.0" encoding="utf-8"?>
<cms.contentitemreference>
  <Parent>
    <GUID>bea193d1-5d9a-4eba-b82e-4b3993ebbee2</GUID>
    <ObjectType>cms.contentitemcommondata</ObjectType>
    <Parent>
      <CodeName>ConnectTheCoffee-pcyqydpx</CodeName>
      <GUID>fdc85786-40ce-4c4b-9fb8-1b615a621a49</GUID>
      <ObjectType>cms.contentitem</ObjectType>
    </Parent>
  </Parent>
  <Bindings>
    <Binding id="cms.contentitem_Events_Battlecreek-coffee-roasters-i22gbC3gFm4-unsplash_50.jpg-h9mzj83x">
      <ContentItemReferenceGroupGUID>0bf8c2b0-092b-46f5-97a4-03279e7aa3be</ContentItemReferenceGroupGUID>
      <ContentItemReferenceGUID>a8c86d36-36e7-48c2-ba39-207dfbf80a8a</ContentItemReferenceGUID>
      <ContentItemReferenceTargetItemID>
        <CodeName>Events_Battlecreek-coffee-roasters-i22gbC3gFm4-unsplash_50.jpg-h9mzj83x</CodeName>
        <GUID>38546af2-95d1-4852-a232-9dc0c9fb24b5</GUID>
        <ObjectType>cms.contentitem</ObjectType>
      </ContentItemReferenceTargetItemID>
    </Binding>
  </Bindings>
</cms.contentitemreference>