﻿<?xml version="1.0" encoding="utf-8"?>
<cms.contentitemreference>
  <Parent>
    <GUID>8b206b02-aee2-4b4b-a838-926b0aeea558</GUID>
    <ObjectType>cms.contentitemcommondata</ObjectType>
    <Parent>
      <CodeName>ElSalvadorFincaSanJose-nr6bglxm</CodeName>
      <GUID>818df78b-353d-4863-8e9d-287040051249</GUID>
      <ObjectType>cms.contentitem</ObjectType>
    </Parent>
  </Parent>
  <Bindings>
    <Binding id="cms.contentitem_Products_Salvador.jpg-199mmgqn">
      <ContentItemReferenceGroupGUID>e724314d-02c6-46e5-ba00-204c1c88c006</ContentItemReferenceGroupGUID>
      <ContentItemReferenceGUID>d99bb1a4-e3d2-4504-90f4-546cc59e0708</ContentItemReferenceGUID>
      <ContentItemReferenceTargetItemID>
        <CodeName>Products_Salvador.jpg-199mmgqn</CodeName>
        <GUID>279bb55f-81e3-4d93-9cff-8372dc34cdc5</GUID>
        <ObjectType>cms.contentitem</ObjectType>
      </ContentItemReferenceTargetItemID>
    </Binding>
  </Bindings>
</cms.contentitemreference>