﻿<?xml version="1.0" encoding="utf-8"?>
<cms.contentitemreference>
  <Parent>
    <GUID>ed509950-7b17-4ce7-838b-834b7752e132</GUID>
    <ObjectType>cms.contentitemcommondata</ObjectType>
    <Parent>
      <CodeName>Facebook-h85hvkli</CodeName>
      <GUID>28ec44a4-17e5-4aa9-a8f3-63e6c23e93b1</GUID>
      <ObjectType>cms.contentitem</ObjectType>
    </Parent>
  </Parent>
  <Bindings>
    <Binding id="cms.contentitem_Logos_Facebook-icon.png-kn8fmrwy">
      <ContentItemReferenceGroupGUID>f22347ba-d3e4-4d12-8ba1-4fa20210edf1</ContentItemReferenceGroupGUID>
      <ContentItemReferenceGUID>2b93ae06-6f46-4481-a3b8-6b48398c65e4</ContentItemReferenceGUID>
      <ContentItemReferenceTargetItemID>
        <CodeName>Logos_Facebook-icon.png-kn8fmrwy</CodeName>
        <GUID>c922749d-1ff6-4132-ad90-94e6d36ec9f1</GUID>
        <ObjectType>cms.contentitem</ObjectType>
      </ContentItemReferenceTargetItemID>
    </Binding>
  </Bindings>
</cms.contentitemreference>