﻿<?xml version="1.0" encoding="utf-8"?>
<cms.contentitemreference>
  <Parent>
    <GUID>772e8b7f-d2cf-4350-941e-3e97542fa96c</GUID>
    <ObjectType>cms.contentitemcommondata</ObjectType>
    <Parent>
      <CodeName>HeroBackground-6arlimda</CodeName>
      <GUID>a2725352-5eeb-446e-98dc-c244234337f2</GUID>
      <ObjectType>cms.contentitem</ObjectType>
    </Parent>
  </Parent>
  <Bindings>
    <Binding id="cms.contentitem_Banners_Hero-bg.jpg-pz1z1uqw">
      <ContentItemReferenceGroupGUID>48d66ec4-23a8-4624-bd19-43df3edf4358</ContentItemReferenceGroupGUID>
      <ContentItemReferenceGUID>9bd410f8-3706-421c-bc1a-846b8a9521f4</ContentItemReferenceGUID>
      <ContentItemReferenceTargetItemID>
        <CodeName>Banners_Hero-bg.jpg-pz1z1uqw</CodeName>
        <GUID>b5881f66-102a-4b14-99dd-d713cde77584</GUID>
        <ObjectType>cms.contentitem</ObjectType>
      </ContentItemReferenceTargetItemID>
    </Binding>
  </Bindings>
</cms.contentitemreference>