﻿<?xml version="1.0" encoding="utf-8"?>
<cms.contentitemreference>
  <Parent>
    <GUID>a949155e-12e0-4731-9fcf-962c57e7a3dd</GUID>
    <ObjectType>cms.contentitemcommondata</ObjectType>
    <Parent>
      <CodeName>HeroBackground-6arlimda</CodeName>
      <GUID>a2725352-5eeb-446e-98dc-c244234337f2</GUID>
      <ObjectType>cms.contentitem</ObjectType>
    </Parent>
  </Parent>
  <Bindings>
    <Binding id="cms.contentitem_Banners_Hero-bg.jpg-pz1z1uqw">
      <ContentItemReferenceGroupGUID>48d66ec4-23a8-4624-bd19-43df3edf4358</ContentItemReferenceGroupGUID>
      <ContentItemReferenceGUID>4ee742c4-22e7-49b6-b2a7-34c3f981b678</ContentItemReferenceGUID>
      <ContentItemReferenceTargetItemID>
        <CodeName>Banners_Hero-bg.jpg-pz1z1uqw</CodeName>
        <GUID>b5881f66-102a-4b14-99dd-d713cde77584</GUID>
        <ObjectType>cms.contentitem</ObjectType>
      </ContentItemReferenceTargetItemID>
    </Binding>
  </Bindings>
</cms.contentitemreference>