﻿<?xml version="1.0" encoding="utf-8"?>
<cms.contentitemreference>
  <Parent>
    <GUID>1d2ff9c3-1ac4-4a61-b408-906c6ebd9dda</GUID>
    <ObjectType>cms.contentitemcommondata</ObjectType>
    <Parent>
      <CodeName>JimmieDimmick-qv484wii</CodeName>
      <GUID>12e192cc-099a-4fd4-9360-2b8acad4daf0</GUID>
      <ObjectType>cms.contentitem</ObjectType>
    </Parent>
  </Parent>
  <Bindings>
    <Binding id="cms.contentitem_References_Reference.jpg-f6bum6j2">
      <ContentItemReferenceGroupGUID>4d963477-2f6f-4ad3-ba62-b5a60a1b0353</ContentItemReferenceGroupGUID>
      <ContentItemReferenceGUID>270bdf8d-37a1-48ea-9a7c-26f5c78c5c76</ContentItemReferenceGUID>
      <ContentItemReferenceTargetItemID>
        <CodeName>References_Reference.jpg-f6bum6j2</CodeName>
        <GUID>e9c0e77f-97bd-4485-8edc-cdc17d49c147</GUID>
        <ObjectType>cms.contentitem</ObjectType>
      </ContentItemReferenceTargetItemID>
    </Binding>
  </Bindings>
</cms.contentitemreference>