﻿<?xml version="1.0" encoding="utf-8"?>
<cms.contentitemreference>
  <Parent>
    <GUID>020f5ccf-62fd-4bdc-8072-a6bc3fb7c11a</GUID>
    <ObjectType>cms.contentitemcommondata</ObjectType>
    <Parent>
      <CodeName>LiveCoffeeQ_A-41x0diet</CodeName>
      <GUID>70b5147b-e567-49ad-a3ff-dce8b07c97e9</GUID>
      <ObjectType>cms.contentitem</ObjectType>
    </Parent>
  </Parent>
  <Bindings>
    <Binding id="cms.contentitem_Events_Fahmi-fakhrudin-nzyzAUsbV0M-unsplash_1_50.jpg-d2wq3izd">
      <ContentItemReferenceGroupGUID>0bf8c2b0-092b-46f5-97a4-03279e7aa3be</ContentItemReferenceGroupGUID>
      <ContentItemReferenceGUID>de1b3d8d-517b-48f1-98c8-b6e39185acfe</ContentItemReferenceGUID>
      <ContentItemReferenceTargetItemID>
        <CodeName>Events_Fahmi-fakhrudin-nzyzAUsbV0M-unsplash_1_50.jpg-d2wq3izd</CodeName>
        <GUID>b971d8d3-6d3a-4cdd-a129-41b61e0522d5</GUID>
        <ObjectType>cms.contentitem</ObjectType>
      </ContentItemReferenceTargetItemID>
    </Binding>
  </Bindings>
</cms.contentitemreference>