﻿<?xml version="1.0" encoding="utf-8"?>
<cms.contentitemreference>
  <Parent>
    <GUID>ed391fc5-0781-47ae-90ec-f1b03c1ef6a1</GUID>
    <ObjectType>cms.contentitemcommondata</ObjectType>
    <Parent>
      <CodeName>NewYork-xn4wcoi7</CodeName>
      <GUID>9b401e70-fbc7-4d70-b848-19778172e3f1</GUID>
      <ObjectType>cms.contentitem</ObjectType>
    </Parent>
  </Parent>
  <Bindings>
    <Binding id="cms.contentitem_Cafes_Newyork_2x.png-h7fhjxw7">
      <ContentItemReferenceGroupGUID>1e4c0c62-4056-4acd-ac2e-d96ba01adff7</ContentItemReferenceGroupGUID>
      <ContentItemReferenceGUID>9cb60529-ebd8-45b2-a4f0-edeab34a129b</ContentItemReferenceGUID>
      <ContentItemReferenceTargetItemID>
        <CodeName>Cafes_Newyork_2x.png-h7fhjxw7</CodeName>
        <GUID>4360aa53-d040-4b15-8b89-adea96d79aad</GUID>
        <ObjectType>cms.contentitem</ObjectType>
      </ContentItemReferenceTargetItemID>
    </Binding>
  </Bindings>
</cms.contentitemreference>