﻿<?xml version="1.0" encoding="utf-8"?>
<cms.contentitemreference>
  <Parent>
    <GUID>5cdb2fe9-8258-49d5-83aa-b3c8ee85561b</GUID>
    <ObjectType>cms.contentitemcommondata</ObjectType>
    <Parent>
      <CodeName>OurFirstCuppingIsHere-t8ll79h8</CodeName>
      <GUID>2b039eb6-312f-4008-8c4f-3d340d87532c</GUID>
      <ObjectType>cms.contentitem</ObjectType>
    </Parent>
  </Parent>
  <Bindings>
    <Binding id="cms.contentitem_BostonCoffeePlace-034jwdxo">
      <ContentItemReferenceGroupGUID>869e6371-44dc-4066-b31c-380a11f49fc3</ContentItemReferenceGroupGUID>
      <ContentItemReferenceGUID>cc5ae38e-bf5a-4102-b651-5666bbe37ab5</ContentItemReferenceGUID>
      <ContentItemReferenceTargetItemID>
        <CodeName>BostonCoffeePlace-034jwdxo</CodeName>
        <GUID>4c84719d-689e-460e-8cc1-5495c367b249</GUID>
        <ObjectType>cms.contentitem</ObjectType>
      </ContentItemReferenceTargetItemID>
    </Binding>
    <Binding id="cms.contentitem_Events_Our-first-cupping-is-here.png-qiy6oc3x">
      <ContentItemReferenceGroupGUID>0bf8c2b0-092b-46f5-97a4-03279e7aa3be</ContentItemReferenceGroupGUID>
      <ContentItemReferenceGUID>049ac77b-7ef5-4fc2-a8d6-be9b3d405dd1</ContentItemReferenceGUID>
      <ContentItemReferenceTargetItemID>
        <CodeName>Events_Our-first-cupping-is-here.png-qiy6oc3x</CodeName>
        <GUID>359fac84-ed49-4ea7-9d46-04b1e2ea6bbe</GUID>
        <ObjectType>cms.contentitem</ObjectType>
      </ContentItemReferenceTargetItemID>
    </Binding>
  </Bindings>
</cms.contentitemreference>