﻿<?xml version="1.0" encoding="utf-8"?>
<cms.contentitemreference>
  <Parent>
    <GUID>52e5490b-a54b-4ef9-a0ad-1834ed830870</GUID>
    <ObjectType>cms.contentitemcommondata</ObjectType>
    <Parent>
      <CodeName>TheArtOfCoffeeCupping-pzodajb5</CodeName>
      <GUID>febf0de7-f6d2-49c2-96ae-983c63ad8bad</GUID>
      <ObjectType>cms.contentitem</ObjectType>
    </Parent>
  </Parent>
  <Bindings>
    <Binding id="cms.contentitem_BostonCoffeePlace-034jwdxo">
      <ContentItemReferenceGroupGUID>869e6371-44dc-4066-b31c-380a11f49fc3</ContentItemReferenceGroupGUID>
      <ContentItemReferenceGUID>f633dfd3-7103-409e-aef1-da8218f4ee43</ContentItemReferenceGUID>
      <ContentItemReferenceTargetItemID>
        <CodeName>BostonCoffeePlace-034jwdxo</CodeName>
        <GUID>4c84719d-689e-460e-8cc1-5495c367b249</GUID>
        <ObjectType>cms.contentitem</ObjectType>
      </ContentItemReferenceTargetItemID>
    </Binding>
    <Binding id="cms.contentitem_Events_Nathan-dumlao-6VhPY27jdps-unsplash_50.jpg-0xla25qz">
      <ContentItemReferenceGroupGUID>0bf8c2b0-092b-46f5-97a4-03279e7aa3be</ContentItemReferenceGroupGUID>
      <ContentItemReferenceGUID>fe617f52-e219-4585-87fe-ef0416a9ee5b</ContentItemReferenceGUID>
      <ContentItemReferenceTargetItemID>
        <CodeName>Events_Nathan-dumlao-6VhPY27jdps-unsplash_50.jpg-0xla25qz</CodeName>
        <GUID>5590dc48-6146-4f1b-bd28-e8fef896c52e</GUID>
        <ObjectType>cms.contentitem</ObjectType>
      </ContentItemReferenceTargetItemID>
    </Binding>
  </Bindings>
</cms.contentitemreference>