﻿<?xml version="1.0" encoding="utf-8"?>
<cms.contentitemreference>
  <Parent>
    <GUID>047d2ad1-8ba1-4ef6-89bb-a9079902da58</GUID>
    <ObjectType>cms.contentitemcommondata</ObjectType>
    <Parent>
      <CodeName>Twitter-i4s1h9pp</CodeName>
      <GUID>015129c5-8972-47b8-963c-e3d52ef69e7e</GUID>
      <ObjectType>cms.contentitem</ObjectType>
    </Parent>
  </Parent>
  <Bindings>
    <Binding id="cms.contentitem_Logos_Twitter-icon.png-yhw58zal">
      <ContentItemReferenceGroupGUID>f22347ba-d3e4-4d12-8ba1-4fa20210edf1</ContentItemReferenceGroupGUID>
      <ContentItemReferenceGUID>66a594ab-ba92-46f9-9e49-1e5b2a632228</ContentItemReferenceGUID>
      <ContentItemReferenceTargetItemID>
        <CodeName>Logos_Twitter-icon.png-yhw58zal</CodeName>
        <GUID>c29dd2f8-d5e2-4d2c-8f7f-a0fb7c09ebed</GUID>
        <ObjectType>cms.contentitem</ObjectType>
      </ContentItemReferenceTargetItemID>
    </Binding>
  </Bindings>
</cms.contentitemreference>