﻿<?xml version="1.0" encoding="utf-8"?>
<cms.contentitemcommondata>
  <ContentItemCommonDataContentItemID>
    <CodeName>ElSalvadorFincaSanJose-nr6bglxm</CodeName>
    <GUID>818df78b-353d-4863-8e9d-287040051249</GUID>
    <ObjectType>cms.contentitem</ObjectType>
  </ContentItemCommonDataContentItemID>
  <ContentItemCommonDataContentLanguageID>
    <CodeName>en</CodeName>
    <GUID>e4a8fb12-ebc2-45d0-930f-c9fba2780c85</GUID>
    <ObjectType>cms.contentlanguage</ObjectType>
  </ContentItemCommonDataContentLanguageID>
  <ContentItemCommonDataGUID>8b206b02-aee2-4b4b-a838-926b0aeea558</ContentItemCommonDataGUID>
  <ContentItemCommonDataIsLatest>True</ContentItemCommonDataIsLatest>
  <ContentItemCommonDataVersionStatus>2</ContentItemCommonDataVersionStatus>
</cms.contentitemcommondata>