﻿<?xml version="1.0" encoding="utf-8"?>
<cms.contenttype>
  <ClassContentTypeType>Reusable</ClassContentTypeType>
  <ClassDisplayName>Banner</ClassDisplayName>
  <ClassFormDefinition>
    <form>
      <field column="ContentItemDataID" columntype="integer" enabled="true" guid="8b4b32f6-5c94-4793-928b-f2f079b68fef" isPK="true" />
      <field column="ContentItemDataCommonDataID" columntype="integer" enabled="true" guid="0673c391-464a-4c31-b09c-9816e84fe922" refobjtype="cms.contentitemcommondata" reftype="Required" system="true" />
      <field column="ContentItemDataGUID" columntype="guid" enabled="true" guid="68040865-6ec9-4578-990a-e02ed041975b" isunique="true" system="true" />
      <field allowempty="true" column="BannerBackgroundImage" columnprecision="0" columntype="contentitemreference" enabled="true" guid="48d66ec4-23a8-4624-bd19-43df3edf4358" visible="true">
        <properties>
          <explanationtextashtml>False</explanationtextashtml>
          <fieldcaption>Background image</fieldcaption>
          <fielddescriptionashtml>False</fielddescriptionashtml>
        </properties>
        <settings>
          <AllowedContentItemTypeIdentifiers>
            <![CDATA[["fd1947a4-e04b-441b-a76c-1ed826fb766e"]]]>
          </AllowedContentItemTypeIdentifiers>
          <controlname>Kentico.Administration.ContentItemSelector</controlname>
        </settings>
      </field>
      <field column="BannerHeaderText" columnprecision="0" columnsize="200" columntype="text" enabled="true" guid="14769c90-cda4-42b1-9ab0-aab5f681eca9" visible="true">
        <properties>
          <explanationtextashtml>False</explanationtextashtml>
          <fieldcaption>Header</fieldcaption>
          <fielddescriptionashtml>False</fielddescriptionashtml>
        </properties>
        <settings>
          <controlname>Kentico.Administration.TextInput</controlname>
        </settings>
      </field>
      <field column="BannerText" columnprecision="0" columnsize="200" columntype="text" enabled="true" guid="e3963186-82b6-4745-ac15-e625e65c4374" visible="true">
        <properties>
          <explanationtextashtml>False</explanationtextashtml>
          <fieldcaption>Text</fieldcaption>
          <fielddescriptionashtml>False</fielddescriptionashtml>
        </properties>
        <settings>
          <controlname>Kentico.Administration.TextInput</controlname>
        </settings>
      </field>
    </form>
  </ClassFormDefinition>
  <ClassGUID>7aed617e-fcee-42fe-ac1d-74893d4fa9e0</ClassGUID>
  <ClassHasUnmanagedDbSchema>False</ClassHasUnmanagedDbSchema>
  <ClassIconClass>xp-rectangle-h</ClassIconClass>
  <ClassName>DancingGoat.Banner</ClassName>
  <ClassTableName>DancingGoat_Banner</ClassTableName>
  <ClassType>Content</ClassType>
  <ClassWebPageHasUrl>False</ClassWebPageHasUrl>
</cms.contenttype>