﻿<?xml version="1.0" encoding="utf-8"?>
<cms.contenttype>
  <ClassContentTypeType>Reusable</ClassContentTypeType>
  <ClassDisplayName>Social link</ClassDisplayName>
  <ClassFormDefinition>
    <form>
      <field column="ContentItemDataID" columntype="integer" enabled="true" guid="7e849b54-804e-460e-b690-842790a50627" isPK="true" />
      <field column="ContentItemDataCommonDataID" columntype="integer" enabled="true" guid="0673c391-464a-4c31-b09c-9816e84fe922" refobjtype="cms.contentitemcommondata" reftype="Required" system="true" />
      <field column="ContentItemDataGUID" columntype="guid" enabled="true" guid="aec223e7-87fd-46d1-8341-ade1468e3bcf" isunique="true" system="true" />
      <field column="SocialLinkTitle" columnprecision="0" columnsize="50" columntype="text" enabled="true" guid="ab15395f-90cc-454c-9002-8f9f878c3999" visible="true">
        <properties>
          <defaultvalue>Follow us</defaultvalue>
          <explanationtextashtml>False</explanationtextashtml>
          <fieldcaption>Title</fieldcaption>
          <fielddescriptionashtml>False</fielddescriptionashtml>
        </properties>
        <settings>
          <controlname>Kentico.Administration.TextInput</controlname>
        </settings>
      </field>
      <field column="SocialLinkUrl" columnprecision="0" columnsize="200" columntype="text" enabled="true" guid="35ab339c-a9db-4436-85c5-e70ba7273e18" visible="true">
        <properties>
          <explanationtextashtml>False</explanationtextashtml>
          <fieldcaption>Link</fieldcaption>
          <fielddescriptionashtml>False</fielddescriptionashtml>
        </properties>
        <settings>
          <controlname>Kentico.Administration.TextInput</controlname>
        </settings>
      </field>
      <field allowempty="true" column="SocialLinkIcon" columnprecision="0" columntype="contentitemreference" enabled="true" guid="f22347ba-d3e4-4d12-8ba1-4fa20210edf1" visible="true">
        <properties>
          <explanationtextashtml>False</explanationtextashtml>
          <fieldcaption>Icon</fieldcaption>
          <fielddescriptionashtml>False</fielddescriptionashtml>
        </properties>
        <settings>
          <AllowedContentItemTypeIdentifiers>
            <![CDATA[["fd1947a4-e04b-441b-a76c-1ed826fb766e"]]]>
          </AllowedContentItemTypeIdentifiers>
          <controlname>Kentico.Administration.ContentItemSelector</controlname>
        </settings>
      </field>
    </form>
  </ClassFormDefinition>
  <ClassGUID>574194b1-fe00-42ac-bd59-0b60b11d8faa</ClassGUID>
  <ClassHasUnmanagedDbSchema>False</ClassHasUnmanagedDbSchema>
  <ClassIconClass>xp-share-google</ClassIconClass>
  <ClassName>DancingGoat.SocialLink</ClassName>
  <ClassTableName>DancingGoat_SocialLink</ClassTableName>
  <ClassType>Content</ClassType>
  <ClassWebPageHasUrl>False</ClassWebPageHasUrl>
</cms.contenttype>