﻿<?xml version="1.0" encoding="utf-8"?>
<cms.contenttype>
  <ClassContentTypeType>Website</ClassContentTypeType>
  <ClassDisplayName>Contacts</ClassDisplayName>
  <ClassFormDefinition>
    <form>
      <field column="ContentItemDataID" columntype="integer" enabled="true" guid="251f2bf9-52c5-4943-b971-5be584f98eaf" isPK="true" />
      <field column="ContentItemDataCommonDataID" columntype="integer" enabled="true" guid="18743127-24f0-4cb5-97f0-3dcc44f7d678" refobjtype="cms.contentitemcommondata" reftype="Required" system="true" />
      <field column="ContentItemDataGUID" columntype="guid" enabled="true" guid="f63d3bd1-0dc1-43c8-8511-338c37d22c82" isunique="true" system="true" />
    </form>
  </ClassFormDefinition>
  <ClassGUID>60f497db-5c3a-4cad-8bcd-ecc7c545be28</ClassGUID>
  <ClassHasUnmanagedDbSchema>False</ClassHasUnmanagedDbSchema>
  <ClassIconClass>xp-id-cards</ClassIconClass>
  <ClassName>DancingGoat.ContactsPage</ClassName>
  <ClassTableName>DancingGoat_ContactsPage</ClassTableName>
  <ClassType>Content</ClassType>
  <ClassWebPageHasUrl>True</ClassWebPageHasUrl>
</cms.contenttype>