﻿<?xml version="1.0" encoding="utf-8"?>
<cms.contentitemcommondata>
  <ContentItemCommonDataContentItemID>
    <CodeName>BrewYourBusiness-bqgfzgee</CodeName>
    <GUID>044fb867-f470-490d-af82-6779ae5d1fd5</GUID>
    <ObjectType>cms.contentitem</ObjectType>
  </ContentItemCommonDataContentItemID>
  <ContentItemCommonDataContentLanguageID>
    <CodeName>en</CodeName>
    <GUID>e4a8fb12-ebc2-45d0-930f-c9fba2780c85</GUID>
    <ObjectType>cms.contentlanguage</ObjectType>
  </ContentItemCommonDataContentLanguageID>
  <ContentItemCommonDataGUID>28ea5493-ea6e-4260-81f7-245d088659e5</ContentItemCommonDataGUID>
  <ContentItemCommonDataIsLatest>True</ContentItemCommonDataIsLatest>
  <ContentItemCommonDataVersionStatus>2</ContentItemCommonDataVersionStatus>
</cms.contentitemcommondata>