﻿<?xml version="1.0" encoding="utf-8"?>
<cms.contentitemreference>
  <Parent>
    <GUID>1d1fe600-a580-4a45-bd7d-8c43c647adf3</GUID>
    <ObjectType>cms.contentitemcommondata</ObjectType>
    <Parent>
      <CodeName>CoffeeProcessingTechniques-vnl8fs1k</CodeName>
      <GUID>69a5c969-8e18-4b57-a9cd-7ce089d0d059</GUID>
      <ObjectType>cms.contentitem</ObjectType>
    </Parent>
  </Parent>
  <Bindings>
    <Binding id="cms.contentitem_Articles_Article-5_2x.jpg-ui1p5uwa">
      <ContentItemReferenceGroupGUID>04b5735c-f3b6-4dba-af49-1c748e952820</ContentItemReferenceGroupGUID>
      <ContentItemReferenceGUID>c006fb5d-157c-4896-abd8-1afe2a65935c</ContentItemReferenceGUID>
      <ContentItemReferenceTargetItemID>
        <CodeName>Articles_Article-5_2x.jpg-ui1p5uwa</CodeName>
        <GUID>e07114f8-dd0b-47ed-9cee-1d5c1404835a</GUID>
        <ObjectType>cms.contentitem</ObjectType>
      </ContentItemReferenceTargetItemID>
    </Binding>
  </Bindings>
</cms.contentitemreference>