﻿<?xml version="1.0" encoding="utf-8"?>
<cms.contentitemreference>
  <Parent>
    <GUID>ce143368-4752-470a-b8f7-0124b3416a31</GUID>
    <ObjectType>cms.contentitemcommondata</ObjectType>
    <Parent>
      <CodeName>CoffeeSamples-joncqzvf</CodeName>
      <GUID>ddd8fd89-7656-4374-a681-fdf6cb149b67</GUID>
      <ObjectType>cms.contentitem</ObjectType>
    </Parent>
  </Parent>
  <Bindings>
    <Binding id="cms.contentitem_BrazilNaturalBarraGrande-mtfd4bc3">
      <ContentItemReferenceGroupGUID>2fe94e9c-68b0-4202-b18f-49dc7c4d6810</ContentItemReferenceGroupGUID>
      <ContentItemReferenceGUID>b6936ed8-2a40-48a0-96b7-c2eac5f1e420</ContentItemReferenceGUID>
      <ContentItemReferenceTargetItemID>
        <CodeName>BrazilNaturalBarraGrande-mtfd4bc3</CodeName>
        <GUID>edb18903-129a-4c33-9ca1-506cfdf4496e</GUID>
        <ObjectType>cms.contentitem</ObjectType>
      </ContentItemReferenceTargetItemID>
    </Binding>
    <Binding id="cms.contentitem_ColombiaCarlosImbachi-t5ps0qy3">
      <ContentItemReferenceGroupGUID>2fe94e9c-68b0-4202-b18f-49dc7c4d6810</ContentItemReferenceGroupGUID>
      <ContentItemReferenceGUID>f94618f3-c0fc-482d-8e9c-21d742d8cfba</ContentItemReferenceGUID>
      <ContentItemReferenceTargetItemID>
        <CodeName>ColombiaCarlosImbachi-t5ps0qy3</CodeName>
        <GUID>d81c0256-89eb-4e1f-88d2-34d8beefe8f6</GUID>
        <ObjectType>cms.contentitem</ObjectType>
      </ContentItemReferenceTargetItemID>
    </Binding>
    <Binding id="cms.contentitem_ElSalvadorFincaSanJose-nr6bglxm">
      <ContentItemReferenceGroupGUID>2fe94e9c-68b0-4202-b18f-49dc7c4d6810</ContentItemReferenceGroupGUID>
      <ContentItemReferenceGUID>82ede0ea-1390-4119-99b1-2cbe27e7b5de</ContentItemReferenceGUID>
      <ContentItemReferenceTargetItemID>
        <CodeName>ElSalvadorFincaSanJose-nr6bglxm</CodeName>
        <GUID>818df78b-353d-4863-8e9d-287040051249</GUID>
        <ObjectType>cms.contentitem</ObjectType>
      </ContentItemReferenceTargetItemID>
    </Binding>
    <Binding id="cms.contentitem_Graphics_Hero-bg3.jpg-4dz6obv8">
      <ContentItemReferenceGroupGUID>b27ccf6b-cd44-45cb-b087-5021dca20a55</ContentItemReferenceGroupGUID>
      <ContentItemReferenceGUID>b1ba35c2-c663-4a18-b6f2-310d4bba7c09</ContentItemReferenceGUID>
      <ContentItemReferenceTargetItemID>
        <CodeName>Graphics_Hero-bg3.jpg-4dz6obv8</CodeName>
        <GUID>8a528627-fc98-46a4-9b2f-c56b270e86c5</GUID>
        <ObjectType>cms.contentitem</ObjectType>
      </ContentItemReferenceTargetItemID>
    </Binding>
  </Bindings>
</cms.contentitemreference>