﻿<?xml version="1.0" encoding="utf-8"?>
<cms.contentitemreference>
  <Parent>
    <GUID>455ecded-6b64-485c-ad3c-d4b96effa019</GUID>
    <ObjectType>cms.contentitemcommondata</ObjectType>
    <Parent>
      <CodeName>CoffeeBeveragesExplained-ouq66na8</CodeName>
      <GUID>9707bd21-cec6-49af-9681-e9cd6d826ffb</GUID>
      <ObjectType>cms.contentitem</ObjectType>
    </Parent>
  </Parent>
  <Bindings>
    <Binding id="cms.contentitem_Articles_Article-1_2x.jpg-n2s18kkg">
      <ContentItemReferenceGroupGUID>04b5735c-f3b6-4dba-af49-1c748e952820</ContentItemReferenceGroupGUID>
      <ContentItemReferenceGUID>96d3df60-fff0-4e3b-b130-87b7ce42a721</ContentItemReferenceGUID>
      <ContentItemReferenceTargetItemID>
        <CodeName>Articles_Article-1_2x.jpg-n2s18kkg</CodeName>
        <GUID>b8117d96-dfb3-474d-ad27-c3b0d3bd26db</GUID>
        <ObjectType>cms.contentitem</ObjectType>
      </ContentItemReferenceTargetItemID>
    </Binding>
  </Bindings>
</cms.contentitemreference>