﻿<?xml version="1.0" encoding="utf-8"?>
<cms.contentitemreference>
  <Parent>
    <GUID>9246d73c-ac38-4318-b31d-d6540369c730</GUID>
    <ObjectType>cms.contentitemcommondata</ObjectType>
    <Parent>
      <CodeName>DonateWithUs-ib1owx14</CodeName>
      <GUID>294d6b5d-46fd-4c7a-b0b6-99af3472b468</GUID>
      <ObjectType>cms.contentitem</ObjectType>
    </Parent>
  </Parent>
  <Bindings>
    <Binding id="cms.contentitem_Articles_Donate-with-us-1080px.jpg-wxgc1uv8">
      <ContentItemReferenceGroupGUID>04b5735c-f3b6-4dba-af49-1c748e952820</ContentItemReferenceGroupGUID>
      <ContentItemReferenceGUID>d65ffb67-c912-45a7-b027-5a2efba61369</ContentItemReferenceGUID>
      <ContentItemReferenceTargetItemID>
        <CodeName>Articles_Donate-with-us-1080px.jpg-wxgc1uv8</CodeName>
        <GUID>637bfdc9-b1f9-4015-8268-459c6b2d5f23</GUID>
        <ObjectType>cms.contentitem</ObjectType>
      </ContentItemReferenceTargetItemID>
    </Binding>
  </Bindings>
</cms.contentitemreference>