﻿<?xml version="1.0" encoding="utf-8"?>
<cms.contentitemreference>
  <Parent>
    <GUID>a89bee14-017a-4d94-8ed0-ef8d8f73ddeb</GUID>
    <ObjectType>cms.contentitemcommondata</ObjectType>
    <Parent>
      <CodeName>Home-t9k4jxiw</CodeName>
      <GUID>17d83996-c66a-4b07-b47e-d285bd99d8f3</GUID>
      <ObjectType>cms.contentitem</ObjectType>
    </Parent>
  </Parent>
  <Bindings>
    <Binding id="cms.contentitem_BostonCoffeePlace-034jwdxo">
      <ContentItemReferenceGroupGUID>8c596b5f-0ce9-4125-867e-038adfc8bb37</ContentItemReferenceGroupGUID>
      <ContentItemReferenceGUID>edb77bb2-c83b-459d-ac64-110c39e2010a</ContentItemReferenceGUID>
      <ContentItemReferenceTargetItemID>
        <CodeName>BostonCoffeePlace-034jwdxo</CodeName>
        <GUID>4c84719d-689e-460e-8cc1-5495c367b249</GUID>
        <ObjectType>cms.contentitem</ObjectType>
      </ContentItemReferenceTargetItemID>
    </Binding>
    <Binding id="cms.contentitem_Chicago-adnkn64a">
      <ContentItemReferenceGroupGUID>8c596b5f-0ce9-4125-867e-038adfc8bb37</ContentItemReferenceGroupGUID>
      <ContentItemReferenceGUID>9b3dc9c3-8531-452b-8d44-be88e747beb9</ContentItemReferenceGUID>
      <ContentItemReferenceTargetItemID>
        <CodeName>Chicago-adnkn64a</CodeName>
        <GUID>5f5c9fce-d24e-4cda-8022-d20d6504b102</GUID>
        <ObjectType>cms.contentitem</ObjectType>
      </ContentItemReferenceTargetItemID>
    </Binding>
    <Binding id="cms.contentitem_HeroBackground-6arlimda">
      <ContentItemReferenceGroupGUID>56f58ce4-fb20-4220-823b-95115e46fdb9</ContentItemReferenceGroupGUID>
      <ContentItemReferenceGUID>5135a81e-0eda-43a1-9bb0-087b0629201e</ContentItemReferenceGUID>
      <ContentItemReferenceTargetItemID>
        <CodeName>HeroBackground-6arlimda</CodeName>
        <GUID>a2725352-5eeb-446e-98dc-c244234337f2</GUID>
        <ObjectType>cms.contentitem</ObjectType>
      </ContentItemReferenceTargetItemID>
    </Binding>
    <Binding id="cms.contentitem_JimmieDimmick-qv484wii">
      <ContentItemReferenceGroupGUID>cbb9f04b-4901-4773-b551-a17ad70ca6e6</ContentItemReferenceGroupGUID>
      <ContentItemReferenceGUID>749de000-70be-4c69-9b64-f1aedef2289b</ContentItemReferenceGUID>
      <ContentItemReferenceTargetItemID>
        <CodeName>JimmieDimmick-qv484wii</CodeName>
        <GUID>12e192cc-099a-4fd4-9360-2b8acad4daf0</GUID>
        <ObjectType>cms.contentitem</ObjectType>
      </ContentItemReferenceTargetItemID>
    </Binding>
    <Binding id="cms.contentitem_NewYork-xn4wcoi7">
      <ContentItemReferenceGroupGUID>8c596b5f-0ce9-4125-867e-038adfc8bb37</ContentItemReferenceGroupGUID>
      <ContentItemReferenceGUID>e4e9aab6-7ca3-42c3-b7be-217a7c72d849</ContentItemReferenceGUID>
      <ContentItemReferenceTargetItemID>
        <CodeName>NewYork-xn4wcoi7</CodeName>
        <GUID>9b401e70-fbc7-4d70-b848-19778172e3f1</GUID>
        <ObjectType>cms.contentitem</ObjectType>
      </ContentItemReferenceTargetItemID>
    </Binding>
    <Binding id="cms.contentitem_OurFirstCuppingIsHere-t8ll79h8">
      <ContentItemReferenceGroupGUID>9088319d-f909-4f38-93aa-e8598c78382b</ContentItemReferenceGroupGUID>
      <ContentItemReferenceGUID>c5ecfa77-217f-47bd-9028-0f3cd19000ec</ContentItemReferenceGUID>
      <ContentItemReferenceTargetItemID>
        <CodeName>OurFirstCuppingIsHere-t8ll79h8</CodeName>
        <GUID>2b039eb6-312f-4008-8c4f-3d340d87532c</GUID>
        <ObjectType>cms.contentitem</ObjectType>
      </ContentItemReferenceTargetItemID>
    </Binding>
  </Bindings>
</cms.contentitemreference>