﻿<?xml version="1.0" encoding="utf-8"?>
<cms.contentitemreference>
  <Parent>
    <GUID>0c56d772-eda5-43fe-baeb-a1268c15b7fd</GUID>
    <ObjectType>cms.contentitemcommondata</ObjectType>
    <Parent>
      <CodeName>OnRoasts-nlx96ge6</CodeName>
      <GUID>d5d28908-d403-4f6d-ab5a-d7758b43dbf2</GUID>
      <ObjectType>cms.contentitem</ObjectType>
    </Parent>
  </Parent>
  <Bindings>
    <Binding id="cms.contentitem_Articles_Article-4_2x.jpg-pi7pf0nq">
      <ContentItemReferenceGroupGUID>04b5735c-f3b6-4dba-af49-1c748e952820</ContentItemReferenceGroupGUID>
      <ContentItemReferenceGUID>fc0b1009-843c-461a-b8c4-7d364a3a7875</ContentItemReferenceGUID>
      <ContentItemReferenceTargetItemID>
        <CodeName>Articles_Article-4_2x.jpg-pi7pf0nq</CodeName>
        <GUID>abc5b875-2f70-4aac-80a8-f8033867b0c5</GUID>
        <ObjectType>cms.contentitem</ObjectType>
      </ContentItemReferenceTargetItemID>
    </Binding>
  </Bindings>
</cms.contentitemreference>