﻿<?xml version="1.0" encoding="utf-8"?>
<cms.contentitemreference>
  <Parent>
    <GUID>1906d0f2-b8e2-4a39-b0a7-a9f8b0d644f3</GUID>
    <ObjectType>cms.contentitemcommondata</ObjectType>
    <Parent>
      <CodeName>OriginsOfArabicaBourbon-epwvew12</CodeName>
      <GUID>8b874690-2b06-4bf5-b363-8138de08fdfb</GUID>
      <ObjectType>cms.contentitem</ObjectType>
    </Parent>
  </Parent>
  <Bindings>
    <Binding id="cms.contentitem_Articles_Article-3_2x.jpg-agmxzq5n">
      <ContentItemReferenceGroupGUID>04b5735c-f3b6-4dba-af49-1c748e952820</ContentItemReferenceGroupGUID>
      <ContentItemReferenceGUID>d022007d-2670-4d13-af2e-d73f2e7fee49</ContentItemReferenceGUID>
      <ContentItemReferenceTargetItemID>
        <CodeName>Articles_Article-3_2x.jpg-agmxzq5n</CodeName>
        <GUID>dbc6030d-fc1c-4fb9-84f3-3a35b3fe3f02</GUID>
        <ObjectType>cms.contentitem</ObjectType>
      </ContentItemReferenceTargetItemID>
    </Binding>
  </Bindings>
</cms.contentitemreference>