﻿<?xml version="1.0" encoding="utf-8"?>
<cms.contentitemreference>
  <Parent>
    <GUID>1fc8e4e3-4868-4c3f-a340-05d709617c71</GUID>
    <ObjectType>cms.contentitemcommondata</ObjectType>
    <Parent>
      <CodeName>OriginsOfArabicaBourbon-epwvew12</CodeName>
      <GUID>8b874690-2b06-4bf5-b363-8138de08fdfb</GUID>
      <ObjectType>cms.contentitem</ObjectType>
    </Parent>
  </Parent>
  <Bindings>
    <Binding id="cms.contentitem_Articles_Article-3_2x.jpg-agmxzq5n">
      <ContentItemReferenceGroupGUID>04b5735c-f3b6-4dba-af49-1c748e952820</ContentItemReferenceGroupGUID>
      <ContentItemReferenceGUID>5ac6c4b2-d8da-48ff-afa7-6725cacbad9c</ContentItemReferenceGUID>
      <ContentItemReferenceTargetItemID>
        <CodeName>Articles_Article-3_2x.jpg-agmxzq5n</CodeName>
        <GUID>dbc6030d-fc1c-4fb9-84f3-3a35b3fe3f02</GUID>
        <ObjectType>cms.contentitem</ObjectType>
      </ContentItemReferenceTargetItemID>
    </Binding>
  </Bindings>
</cms.contentitemreference>