﻿<?xml version="1.0" encoding="utf-8"?>
<cms.contentitemreference>
  <Parent>
    <GUID>e32afb05-abdd-4646-ab47-66fc3e41991f</GUID>
    <ObjectType>cms.contentitemcommondata</ObjectType>
    <Parent>
      <CodeName>WhichBrewingFitsYou-a6ildi6t</CodeName>
      <GUID>b69db6f4-355b-4e5a-917b-541fba602213</GUID>
      <ObjectType>cms.contentitem</ObjectType>
    </Parent>
  </Parent>
  <Bindings>
    <Binding id="cms.contentitem_Articles_Which-brewing-fits-you-1080px.jpg-sv619zaw">
      <ContentItemReferenceGroupGUID>04b5735c-f3b6-4dba-af49-1c748e952820</ContentItemReferenceGroupGUID>
      <ContentItemReferenceGUID>7891d2b2-b1ed-4cfa-9513-90c117aef23a</ContentItemReferenceGUID>
      <ContentItemReferenceTargetItemID>
        <CodeName>Articles_Which-brewing-fits-you-1080px.jpg-sv619zaw</CodeName>
        <GUID>29a1ccaf-3cc8-4c58-b57c-824b94a9535e</GUID>
        <ObjectType>cms.contentitem</ObjectType>
      </ContentItemReferenceTargetItemID>
    </Binding>
  </Bindings>
</cms.contentitemreference>